name,rollNumber,branch,category,writtenScore,age,btechPercentage
Amit Sharma,COMPANY-CS-001,CS,GEN,98,23,82.4
Bhavna Joshi,COMPANY-CS-002,CS,GEN,95,24,79.1
Chetan Malhotra,COMPANY-CS-003,CS,GEN,92,22,81.5
Deepak Rawat,COMPANY-CS-004,CS,GEN,89,23,76.0
Esha Negi,COMPANY-CS-005,CS,GEN,86,22,78.2
Farhan Akhtar,COMPANY-CS-006,CS,GEN,55,23,71.0
Gaurav Yadav,COMPANY-CS-007,CS,OBC,85,24,75.5
Himanshu Patel,COMPANY-CS-008,CS,OBC,82,22,73.0
Ishwar Singh,COMPANY-CS-009,CS,OBC,79,23,70.5
Jatin Kumar,COMPANY-CS-010,CS,OBC,48,22,68.0
Karan Mehra,COMPANY-CS-011,CS,SC,80,24,74.0
Lalit Prasad,COMPANY-CS-012,CS,SC,76,23,72.5
Manoj Biswas,COMPANY-CS-013,CS,SC,72,22,69.0
Naman Sarkar,COMPANY-CS-014,CS,SC,45,23,65.0
Omkar Singh,COMPANY-MECH-001,MECH,GEN,97,24,84.0
Pankaj Kumar,COMPANY-MECH-002,MECH,GEN,94,23,77.5
Qasim Rizvi,COMPANY-MECH-003,MECH,GEN,91,22,80.2
Rahul Saxena,COMPANY-MECH-004,MECH,GEN,87,23,75.4
Sachin Tendulkar,COMPANY-MECH-005,MECH,GEN,84,24,79.0
Tarun Jha,COMPANY-MECH-006,MECH,GEN,52,22,64.0
Uday Chaudhary,COMPANY-MECH-007,MECH,OBC,86,23,78.0
Vineet Yadav,COMPANY-MECH-008,MECH,OBC,81,22,74.8
Waseem Khan,COMPANY-MECH-009,MECH,OBC,77,23,71.5
Xavier Kujur,COMPANY-MECH-010,MECH,OBC,46,24,63.0
Yashvardhan Rao,COMPANY-MECH-011,MECH,SC,79,22,73.5
Zeeshan Ali,COMPANY-MECH-012,MECH,SC,75,23,71.0
Anil Paswan,COMPANY-MECH-013,MECH,SC,71,22,68.5
Bhupesh Naskar,COMPANY-MECH-014,MECH,SC,42,23,62.0
Priya Nair,COMPANY-CS-015,CS,GEN,83,23,77.8
Rohit Verma,COMPANY-CS-016,CS,GEN,81,22,74.2
Sneha Reddy,COMPANY-CS-017,CS,GEN,78,24,75.0
Tanmay Bhat,COMPANY-CS-018,CS,GEN,51,23,62.1
Utkarsh Gupta,COMPANY-CS-019,CS,OBC,76,22,71.4
Vikram Rathore,COMPANY-CS-020,CS,OBC,73,23,73.6
Wani Kapoor,COMPANY-CS-021,CS,OBC,44,22,61.0
Aakash Jatav,COMPANY-CS-022,CS,SC,70,24,68.2
Bablu Paswan,COMPANY-CS-023,CS,SC,68,23,66.9
Chitra Sonkar,COMPANY-CS-024,CS,SC,41,22,59.8
Durgesh Thapa,COMPANY-MECH-015,MECH,GEN,82,23,73.9
Ekant Mishra,COMPANY-MECH-016,MECH,GEN,80,24,76.5
Faisal Sheikh,COMPANY-MECH-017,MECH,GEN,78,22,71.2
Girish Mahajan,COMPANY-MECH-018,MECH,GEN,49,23,60.5
Hardik Pandya,COMPANY-MECH-019,MECH,OBC,74,22,72.0
Inderjit Singh,COMPANY-MECH-020,MECH,OBC,72,24,69.4
Jayesh Patel,COMPANY-MECH-021,MECH,OBC,43,23,58.0
Kamlesh Koli,COMPANY-MECH-022,MECH,SC,68,22,67.1
Lokesh Ahirwar,COMPANY-MECH-023,MECH,SC,66,23,65.8
Mohit Dhobi,COMPANY-MECH-024,MECH,SC,39,22,57.4
Neha Solanki,COMPANY-CS-025,CS,GEN,87,23,80.1
Pradeep Kumar,COMPANY-MECH-025,MECH,GEN,85,24,78.9
Alok Mishra,COMPANY-CS-026,CS,GEN,80,23,74.5
Baldev Singh,COMPANY-CS-027,CS,GEN,79,24,72.0
Charu Sharma,COMPANY-CS-028,CS,GEN,77,22,73.1
Devesh Joshi,COMPANY-CS-029,CS,GEN,76,23,71.8
Elvin Joseph,COMPANY-CS-030,CS,GEN,42,22,55.0
Firoz Gandhi,COMPANY-CS-031,CS,OBC,72,23,70.0
Gaganpreet Singh,COMPANY-CS-032,CS,OBC,70,24,69.2
Hari Prasad,COMPANY-CS-033,CS,OBC,68,22,67.5
Ishwar Dutt,COMPANY-CS-034,CS,OBC,39,23,58.4
Jaspal Rana,COMPANY-CS-035,CS,SC,65,22,66.0
Kunal Kamble,COMPANY-CS-036,CS,SC,63,24,64.2
Laxman Murmu,COMPANY-CS-037,CS,SC,61,23,62.8
Mahesh Baitha,COMPANY-CS-038,CS,SC,38,22,54.1
Naveen Tyagi,COMPANY-MECH-026,MECH,GEN,81,24,76.2
Omprakash Yadav,COMPANY-MECH-027,MECH,GEN,79,23,75.0
Piyush Goel,COMPANY-MECH-028,MECH,GEN,77,22,73.8
Ramanujam Iyer,COMPANY-MECH-029,MECH,GEN,75,23,72.1
Shyam Sundar,COMPANY-MECH-030,MECH,GEN,45,24,56.5
Tushar Deshmukh,COMPANY-MECH-031,MECH,OBC,71,22,70.4
Ujjwal Rana,COMPANY-MECH-032,MECH,OBC,69,23,69.0
Vivek Agnihotri,COMPANY-MECH-033,MECH,OBC,67,22,68.1
Wasim Akram,COMPANY-MECH-034,MECH,OBC,40,24,59.0
Yuvraj Singh,COMPANY-MECH-035,MECH,SC,64,22,65.2
Zakir Hussain,COMPANY-MECH-036,MECH,SC,62,23,64.0
Amar Sonkar,COMPANY-MECH-037,MECH,SC,60,22,62.9
Brijesh Valmiki,COMPANY-MECH-038,MECH,SC,37,23,55.3
Rita Sen,COMPANY-CS-039,CS,GEN,84,23,79.0
Shankar Dayal,COMPANY-CS-040,CS,GEN,82,24,78.2
Tulsi Giri,COMPANY-CS-041,CS,OBC,74,22,72.4
Umesh Pal,COMPANY-CS-042,CS,SC,67,23,68.0
Vijay Mallya,COMPANY-MECH-039,MECH,GEN,83,22,78.5
Xavier Pinto,COMPANY-MECH-040,MECH,GEN,81,23,76.0
Yogesh Dutt,COMPANY-MECH-041,MECH,OBC,73,24,71.9
Zain Khan,COMPANY-MECH-042,MECH,SC,69,22,67.4
Ananya Roy,COMPANY-CS-043,CS,GEN,85,23,81.0
Binod Thapa,COMPANY-CS-044,CS,GEN,83,24,79.5
Chander Mohan,COMPANY-CS-045,CS,OBC,75,22,73.2
Deepa Malik,COMPANY-CS-046,CS,SC,69,23,69.1
Eknath Shinde,COMPANY-MECH-043,MECH,GEN,84,24,80.1
Farooq Abdullah,COMPANY-MECH-044,MECH,GEN,82,23,77.9
Girish Patel,COMPANY-MECH-045,MECH,OBC,76,22,74.0
Harish Rawat,COMPANY-MECH-046,MECH,SC,70,23,68.8
Jaya Bachchan,COMPANY-CS-047,CS,GEN,86,22,82.0
Kapil Dev,COMPANY-MECH-047,MECH,GEN,85,23,81.5
Kiran Bedi,COMPANY-CS-048,CS,OBC,77,24,76.4
Lata Mangeshkar,COMPANY-MECH-048,MECH,OBC,78,22,75.9